time,cumulative confirmed cases - run_1,cumulative total cases - run_1,cumulative confirmed cases - run_2,cumulative total cases - run_2,cumulative confirmed cases - run_3,cumulative total cases - run_3,cumulative confirmed cases - run_4,cumulative total cases - run_4,cumulative confirmed cases - run_5,cumulative total cases - run_5,cumulative confirmed cases - run_6,cumulative total cases - run_6,cumulative confirmed cases - run_7,cumulative total cases - run_7,cumulative confirmed cases - run_8,cumulative total cases - run_8,cumulative confirmed cases - run_9,cumulative total cases - run_9,cumulative confirmed cases - run_10,cumulative total cases - run_10,cumulative confirmed cases - run_11,cumulative total cases - run_11,cumulative confirmed cases - run_12,cumulative total cases - run_12,cumulative confirmed cases - run_13,cumulative total cases - run_13,cumulative confirmed cases - run_14,cumulative total cases - run_14,cumulative confirmed cases - run_15,cumulative total cases - run_15,cumulative confirmed cases - run_16,cumulative total cases - run_16,cumulative confirmed cases - run_17,cumulative total cases - run_17,cumulative confirmed cases - run_18,cumulative total cases - run_18,cumulative confirmed cases - run_19,cumulative total cases - run_19,cumulative confirmed cases - run_20,cumulative total cases - run_20,cumulative confirmed cases - run_21,cumulative total cases - run_21,cumulative confirmed cases - run_22,cumulative total cases - run_22,cumulative confirmed cases - run_23,cumulative total cases - run_23,cumulative confirmed cases - run_24,cumulative total cases - run_24,cumulative confirmed cases - run_25,cumulative total cases - run_25,cumulative confirmed cases - run_26,cumulative total cases - run_26,cumulative confirmed cases - run_27,cumulative total cases - run_27,cumulative confirmed cases - run_28,cumulative total cases - run_28,cumulative confirmed cases - run_29,cumulative total cases - run_29,cumulative confirmed cases - run_30,cumulative total cases - run_30,cumulative confirmed cases - run_31,cumulative total cases - run_31,cumulative confirmed cases - run_32,cumulative total cases - run_32,cumulative confirmed cases - run_33,cumulative total cases - run_33,cumulative confirmed cases - run_34,cumulative total cases - run_34,cumulative confirmed cases - run_35,cumulative total cases - run_35,cumulative confirmed cases - run_36,cumulative total cases - run_36,cumulative confirmed cases - run_37,cumulative total cases - run_37
0.0,1.0,137.05171670660377,1.0,129.01513275052912,1.0,69.26797005226973,1.0,21.91656755205259,1.0,77.98209593515861,2.411346302858781,40.0,1.0,76.55765927234313,1.0,149.62705150571185,2.0,76.7274163047789,3.0,30.935156676225503,2.0,77.37592750336322,2.0,51.191526265751634,2.0,147.08959973010167,2.216074157178632,38.0,1.0,2.408623108403578,1.0,143.6994319152846,1.0000000000000002,48.88006715987386,1.0000000000000002,71.8875681937929,1.0,53.07008326199933,1.0,83.39582418714701,1.0,116.08097452939683,2.0,38.096451465639035,2.0,44.53952871857268,1.0,21.23583403109442,1.0,156.31995609847593,1.148350937129138,86.0,2.0,73.55484553410855,1.0,86.39138155584254,1.0,93.54848716531922,2.0,17.683616501977866,1.0,11.14885792263545,3.0,140.92865684125343,2.0,74.89702834777927,2.0,31.16197373960928,0.9999999999999996,111.3803612395617,1.0000000000000002,46.99773325314375,1.0,37.87153685138564
1.0,3.0,207.51097475491338,1.0,198.2714655995635,0.47489209215592965,98.0,0.22617913657999722,26.0,0.0,116.46720163662599,0.6197903075831528,55.0,1.0,152.02367650290995,2.0,222.9024181030236,2.0,100.59029868145228,0.7566018679020918,49.0,0.0,115.24822466339583,1.0,62.247242884629316,3.6351958672001654,223.0,0.10854831414808341,56.0,8.881784197001252e-16,5.96612657532739,1.0,163.7481023967175,0.0,54.70498406060301,0.0,75.21943916800723,0.09707873121541377,55.00000000000003,0.08576967707764149,119.0,0.0,180.46890984993252,0.0,59.58329236228653,1.0,68.65111633948669,0.0,38.24437214201728,2.1010094899604947,210.0,0.0,119.25969908281337,2.000000000000001,125.03206815741589,1.2956060256229947,113.0,3.0,191.45917789785028,0.0,24.885832854354277,8.881784197001252e-16,26.781962998977377,1.9999999999999991,170.8969102147862,0.9140104275154259,109.0,4.440892098500626e-16,32.03288338274774,1.0266432297300634,206.0000000000001,2.0,53.659891056276706,1.0,35.727064106583555
2.0,51.0,222.116440570828,55.91095498989583,187.7285344004365,30.51586040065558,93.0,10.50006559272651,31.0,29.0,111.78750609687779,17.380209692416848,63.31031706694051,44.04274060208384,129.97632349709005,74.0,235.72483034420134,36.0,144.64952445103427,17.243398132097912,46.25060614863742,30.017022867915728,113.75177533660417,13.0,73.7421182640852,78.36480413279983,250.069891302943,7.891451685851917,71.78307278841064,2.0,12.109720054772122,58.0,188.49467670757008,21.0,56.93798295731074,18.0,80.94508241241874,15.90292126878459,76.63566642171494,29.914230322922364,137.5367908227007,48.00000000000001,157.9920936286287,13.0,69.64030440507364,21.0,72.85247267588187,8.0,29.48625468921071,77.89899051003952,234.64753118499198,34.0,90.74379193656648,31.94709259869383,115.96793184258411,33.704393974377005,112.36128788872014,51.0,170.77097510937813,5.0,20.597827112237724,6.999999999999999,21.096704229404907,70.0,190.58296683016476,34.08598957248457,116.25988757697263,15.0,46.905695719543274,61.97335677026994,225.86135792605853,21.0,57.278226705091356,11.0,39.00764545278042
3.0,45.999999999999986,296.3493833400146,38.089045010104186,210.21733468178297,23.694173157087725,89.0,6.273755270693492,31.253627829455752,21.000000000000014,136.68145030333676,11.974080530287594,68.68968293305949,33.95725939791616,192.21062676918518,55.0,297.3357837301937,27.0,151.69852325198156,7.868474361648108,45.74939385136258,13.98297713208428,159.8285331706519,17.0,85.45142174200856,46.00000000000003,320.9644668740291,10.0,75.34648362544968,0.6069356106174926,3.9241533699004876,49.000000000000014,295.346529154295,15.0,63.183044594437206,20.0,111.1057006517604,15.999999999999996,55.03322001435345,34.99999999999999,138.40654560188852,40.99999999999999,205.3112267086533,18.0,80.57362609749447,16.0,105.22543737360184,5.0,38.68921596060281,64.94975328485602,289.352468815008,30.610849061062723,116.99650898062015,30.05290740130617,135.46469980229278,27.0,154.73335544765604,40.0,214.11566846090193,7.0,26.572327431021336,4.000000000000002,33.73258055331726,57.0,289.18684878545685,28.000000000000014,134.71685127934603,9.456856817859006,46.061420897708985,45.000000000000014,265.4451279908492,12.0,98.09928554539556,13.0,55.2845646975083
4.0,70.00000000000004,369.71378682115096,49.999999999999986,240.56450056860706,23.315074350100765,120.93980856530277,8.0,31.40679049823143,19.999999999999986,121.11704086546524,14.025919469712406,66.98379652314458,38.0,186.61908419746987,61.0,385.21033282834856,28.0,173.05630820229976,12.042629194305903,62.0,23.999999999999993,140.9539441973351,17.0,101.48250323485382,75.99999999999997,362.2918087382841,10.0,76.6938381683247,3.3930643893825065,9.65923314128338,58.999999999999986,275.37169285492064,13.000000000000007,79.61976381449131,28.0,117.13156864497364,15.0,72.22006875448614,26.0,158.4752086536348,40.0,187.9492342200897,14.000000000000007,73.40485082564584,15.0,105.33820945232833,9.0,35.2134647899376,54.05024671514397,356.8149904983677,27.389150938937277,116.87583367250795,22.0,164.79416816213245,23.0,190.60897055702355,44.00000000000003,240.38620622776068,8.0,23.68890484776773,1.9999999999999982,30.348059944937262,58.0,339.0465682511199,18.999999999999986,128.11979083169058,2.5431431821409944,61.496667188960714,45.999999999999986,320.9025011052622,18.0,82.51119847247509,18.000000000000007,51.91994639661499
5.0,72.99999999999997,413.95139469088895,62.0,247.5443441399225,29.000000000000014,116.93133647231184,10.778888667544074,38.33958167231282,34.59625446676526,138.94680109769422,28.0,76.86854573518946,44.0,232.32551194102598,82.31204283586715,417.8266349942328,41.0,154.07019044071478,13.088896444045986,53.56747802384348,43.999999999999986,171.3404739222675,18.999999999999986,97.15329916840852,76.71914798430043,405.6738330847438,22.63056590995967,75.17660541781493,2.0,6.331872509737103,53.0,284.70517426638366,20.393441478980286,66.55422457315774,24.0,106.09321216226101,20.0,60.6324856640469,32.0,169.33176854742783,53.0,191.98094271808532,14.999999999999993,70.43267687574581,22.000000000000014,127.76443169803872,12.369183160270211,39.36669241823162,84.59114554557004,361.1850095016323,37.0,127.53562946805823,36.0,169.51656463070253,45.49992888485946,199.29638610660027,62.0,301.7061348931343,4.0,35.67512349373919,10.000000000000004,38.998850045477695,70.0,333.85759803069595,35.0,142.56840185279725,18.000000000000007,44.56335199516445,74.0,355.83807528018315,18.0,101.9159740852237,21.999999999999993,52.023026340829006
6.0,88.0,412.6853013900152,78.0,228.20113109503382,37.71216292743837,103.12885496238539,8.221111332455926,44.881171327396146,53.33284993488323,104.00000000000011,22.0,56.631765564451484,54.67450811767654,211.84477709231896,105.68795716413291,368.10504180324324,42.0,163.78093757566614,16.000000000000014,50.4317454033241,36.000000000000014,148.6479833055472,31.000000000000014,98.31076677302678,100.28085201569957,430.0195896385676,27.36943409004033,81.039229684335,3.0,7.322106281243215,92.0,304.3203776164755,27.449179840136196,66.0,31.76037937383657,95.50499696057898,29.0,62.694943497548934,45.0,150.28166816415046,56.99999999999997,185.65018398247707,29.0,77.52581677444294,33.999999999999986,107.26404118524772,9.83506466768732,39.00000000000003,101.40885445442996,346.2163974089526,36.0,128.8204032070928,48.0,185.97669095679498,48.50007111514054,196.27326987953847,80.99999999999997,276.29316808366025,12.0,23.86573493076486,11.440003086567355,24.041842227885496,71.96901045656983,349.4291078877759,55.99999999999997,117.34146598774066,17.999999999999993,34.70309316641226,107.0,326.73762802150736,32.0,93.79516428060151,18.188534403153753,45.03775300568378
7.0,133.0,336.83916209896415,103.00000000000006,199.54477122673075,50.28783707256164,85.63994429067952,12.636086512909365,26.11882867260391,52.07089559835151,83.96374056628349,26.000000000000014,51.131893918390915,82.32549188232346,165.6141247762107,119.99999999999994,319.57475517623106,65.0,144.90266453162553,16.999999999999986,53.69678568228318,51.0,109.72669091459079,35.00000000000003,94.49322783953437,99.0,341.8694703186261,36.75192909435738,57.96077031566506,4.870718741259822,5.686788067736302,120.00000000000006,245.04141295019394,23.15737868088351,67.1640403108621,45.23962062616343,92.55615518998854,26.0,64.91240786262756,51.21200107776269,116.96801821019767,74.00000000000009,166.2312840952129,25.48094614822371,55.83943265931077,47.7586155666915,109.90429127541506,19.79575217204247,32.186127097541885,126.0,272.61565342298263,59.0,115.40331077004657,66.8336397228201,152.24787644807725,70.0,162.78373494191828,95.0,239.87346122963595,13.0,19.377434902793,9.559996913432641,33.7071368141701,114.03098954343017,305.611225153581,57.87885679390527,107.99360247145285,18.497683105039044,40.236887649462574,112.0,281.8673531315121,33.0,94.18275537587431,25.603167795315755,43.0
8.0,142.0,332.4868330838226,107.99999999999994,211.25914606923857,50.99999999999997,110.68126256595497,22.363913487090635,35.690703406279226,55.0,126.25789233616865,30.737903877130393,59.38399825882357,81.0,156.56642620429852,151.0,307.97038017521527,73.19579604072226,143.25155286522545,24.0,49.72694743719683,67.14913275173461,129.50237448960752,32.99999999999997,91.83806071115748,172.6466227887795,339.1109400428063,42.24807090564259,77.88752983982533,3.129281258740182,1.8632451448327885,132.67923545376033,225.97203405344362,35.0,61.32838485798948,48.0,102.86871220701357,35.0,60.37506701076438,80.01723597846876,148.0,95.99999999999989,151.33065660696798,35.51905385177629,70.58998441748531,51.64630358343044,84.99999999999977,17.347834622335455,40.81387290245806,144.0,289.75503456692377,45.60909141683567,119.36482288229445,74.16636027717996,139.94184680007015,79.05385285288395,154.94299517854324,101.0,226.8659225748986,12.0,20.568572410720606,16.0,21.069782333665216,129.88249619609053,279.38877484641944,64.12114320609476,106.5602605234294,17.502316894960956,36.41068628815532,133.32601558388558,277.3479565446273,44.003083960562435,87.55750447906178,18.81449231398541,56.99999999999994
9.0,167.1012911625802,349.3467232494022,120.0,196.23104527572332,64.0,92.16529259249137,13.000000000000014,36.37568267955908,76.598661225564,123.77836709754774,46.09832542381619,63.0,96.00000000000006,163.84505709007794,172.0,312.87416045799955,84.80420395927774,132.50288984345298,32.00000000000003,49.33342825927775,79.85086724826539,144.71679254996616,55.0,99.21781623059098,187.3533772112205,367.5900372147007,37.00000000000003,80.65096491881945,0.9999999999999964,11.286055177826796,131.32076454623962,265.4718995916255,36.0,54.682318316600345,53.95041850803267,98.57513260299788,43.0,63.631164998003214,67.74030584392995,124.0,103.00000000000006,164.63931008799,45.0,57.64754963420421,52.25698879816173,89.0,23.61769298069038,26.0,172.0,318.7745033737674,60.223875098461235,119.0,86.73373167224236,150.05815319992985,90.57729462577271,154.0,110.00000000000011,293.5454642793338,12.0,21.468215086622934,15.0,26.144953325718177,157.42366235484963,321.0,76.67229599122908,109.4397394765706,30.0,45.01177450310189,138.4639778147041,290.0,45.0764876591314,97.0,22.39380548754508,46.281543599518955
10.0,233.2360641982724,328.0,117.4447440927978,196.43772694296104,56.86686148767052,113.51350055087414,20.553586197397706,30.93361391416164,69.401338774436,90.87840835442535,45.16377069905337,52.997990100569154,99.99999999999994,183.48341783497426,170.0000000000001,323.57131175252334,86.15172667729763,144.49711015654725,34.99999999999994,38.93073123082877,88.00000000000006,139.07065492537936,59.0,91.52676930528617,179.0,375.8506068915358,32.22923221835384,68.46150524135521,1.0000000000000036,5.701275948171897,146.0,258.6192848125884,37.660871340173856,47.82525651454807,56.635889018228966,108.0,42.0,71.09153015062964,86.50103932018499,121.0,98.48190161349453,168.4461581019625,42.0,82.28098097350369,38.33809205171633,104.04052891515084,23.95341763128772,36.00000000000006,187.56768003929187,311.6384112273736,85.16703348470315,129.46415762637434,89.26626832775753,151.8584260354412,81.36885252134334,151.375256685021,114.99999999999989,262.58822468368635,14.979610279198582,19.300026929978287,17.0,29.122389929261033,173.69384144905985,269.4081058301799,53.47975217353826,111.0,30.279047909283747,44.57753920874279,185.21000660141033,304.54225898856384,55.92042838030616,102.04168880522298,24.00000000000003,49.92162185874463
11.0,193.6626446391474,339.7723221169431,143.60999094896272,219.0,67.13313851232948,106.60875317997329,23.337176416671184,17.999999999999943,60.0,106.3333571616406,33.00000000000003,46.506670743346035,105.0,191.78762010863102,230.03964508893262,303.9043506347871,86.84827332270237,137.0425153870649,34.00000000000003,45.00667775458419,86.36233828877909,116.21255252465448,52.6613866000755,78.53677384641878,227.99999999999977,335.3813024017609,50.77076778164616,69.27813025952048,3.7454573298457774,5.149423729168518,143.4139849541525,250.9088155957861,40.339128659826144,59.16270682631068,60.266108989945394,84.0,27.0,78.13554821466539,78.52941777965361,151.78416856196668,117.51809838650547,184.26569707130875,39.0,65.35031143391177,64.50349224287936,105.95947108484916,18.469779045344836,31.999999999999943,188.4323199607079,273.13278172807577,74.57742988413173,144.53584237362566,90.00000000000006,162.4832312781548,88.0,144.74769384230012,154.0,245.8465571585948,13.020389720801418,30.228956503367954,16.0,36.98540845113126,176.89200558019115,318.5918941698201,66.32012161102176,105.0,15.720952090716253,41.71362143580893,177.92425530314654,282.45774101143616,61.0,71.18824939151,25.445695476606232,41.79683454173653
12.0,217.0,322.81708887431205,135.76051524630213,189.0,73.0,71.96461998021027,20.109237385931124,38.12751553635718,71.0,121.72593870808669,28.14163586218217,51.4953391560847,127.68000168821709,151.70335398580755,193.96035491106727,291.33649190232745,100.0,143.66203800563676,28.00000000000003,39.96044170896721,74.63766171122097,110.9519258007906,59.40857065725612,71.0,212.69580085816892,379.1780534920035,37.0,79.6534223580644,0.25454267015421905,6.492728725345344,166.5860150458475,256.16079438497945,33.705400087032444,56.83729317368932,66.14758348379297,75.8426423328142,29.070316740145017,67.63789741115943,96.00000000000011,150.86547134065836,106.0,156.32587649987954,23.676963411463248,67.13117354089502,58.49650775712058,95.0655721702451,21.61127572034161,32.25163210994532,190.05617017751024,279.86721827192423,64.42257011586821,105.1626911367523,83.0,156.61157407329733,98.0,144.48066950666566,149.0,262.98166644532967,16.000000000000014,19.089830165260878,9.999999999999986,19.326125105124277,185.10799441980885,297.48560220062245,68.12792529893932,105.0,22.0,47.561722992563205,168.50512668560236,281.0,43.0,85.40278729064858,38.76721134607092,47.999999999999886
13.0,215.88952836720728,325.41058900874486,122.51044909032828,196.00000000000045,57.83367539758365,84.42662683981644,18.99999999999997,29.549922086134643,76.00000000000011,97.74287109589568,37.85836413781783,51.35667213163845,99.09464576681171,162.0,211.0,302.09901939705287,99.00000000000011,122.12517536367022,31.99999999999997,45.44477283258857,65.99999999999977,120.97959459336857,51.965213556653964,95.0,215.30419914183153,363.5706178692699,47.0,75.34701007284275,2.273781494760282,7.507271274654656,156.99999999999977,257.88749880695605,41.55145755461632,59.000000000000114,51.314744252200796,81.1573576671858,36.92968325985504,67.84635992113283,83.99999999999977,155.22590457448814,105.0,157.8310131641424,53.32303658853675,72.65290700343348,59.00000000000006,101.3230054807018,20.75949552506546,31.74836789005468,175.94382982249022,282.87962484945456,73.0,127.0924221353821,80.00000000000011,135.09719616864163,92.05585538503976,156.39637996601323,150.0,222.81343202108064,17.74110603464696,20.681213331371225,15.000000000000014,28.709058574706546,187.0,296.5862438124059,65.39990492527158,101.01137318477595,23.175326819798954,36.72465557162786,175.5706180112511,288.4317438698754,61.603695506633585,102.36727451261845,31.787093177322873,43.917887305115755
14.0,215.11047163279295,330.7878402351689,143.7728318735708,184.99999999999955,59.16632460241635,86.0665297231667,21.11840044845141,17.322562377508234,78.0,98.31852342992102,40.13393432131517,65.64332786836167,103.2253525449712,155.9593690742413,190.00757871775772,262.56448870062013,64.99999999999989,118.31436528002905,27.0,45.52929400368134,92.0,120.14491338410153,52.96482918601441,76.88216817988427,235.99075199465528,310.4293821307292,44.0,52.997272057138844,3.726218505239718,6.003295416268543,155.98196365017816,243.95170680806496,31.743142358351236,59.515352326559764,57.685255747799204,83.50171304120113,57.04053465551914,67.1536400788674,81.62163977699993,137.12445552288682,110.0,176.47861848700813,43.0,85.93481988609165,59.99362031589419,85.6114223490531,23.24050447493454,31.49431589600249,204.99999999999977,295.33021082166124,79.0,124.3922740025655,89.99999999999989,157.21995452184,103.94414461496024,129.4421229490431,184.0,258.6007236101382,12.661454669335058,20.0,18.0,29.949238802678053,185.0,284.0340966706335,69.0,106.29851755008985,28.970208630436275,32.0,192.00000000000023,267.3382599548995,53.521444300866904,97.00000000000023,36.33195420185001,51.082112694884245
15.0,216.99999999999977,296.4473507382072,122.81683162172885,176.00000000000045,45.11621675957224,89.9334702768333,18.88159955154859,29.28097779908603,65.99999999999977,83.96139851561634,36.50153016492749,75.0,88.0,154.2975427120764,200.53473669249775,292.0,94.99999999999989,122.65473232767454,36.0,36.05800455672079,71.00000000000023,127.94293596725902,49.69107609379739,75.11783182011573,224.47728429410745,341.0,36.8943764587616,62.72416525243375,1.7091046227993658,7.996704583731457,147.52171853475943,245.99999999999955,34.0,46.96680106554777,61.0,94.64080751956794,41.332634723278034,68.0,79.37836022300019,124.44283360499958,96.92775055529864,165.09879477766117,46.00000000000006,61.60236000758459,58.00637968410581,100.57002590309708,14.000000000000028,37.73039164365957,189.31542493561778,244.7901643288842,77.21554225264026,114.3526127253001,108.00000000000011,142.90062938620804,109.0,128.3433129265054,144.0,251.31486544990685,8.597439296017967,18.99698821036168,11.0,31.55753233575598,174.91226684170988,291.89405731633815,58.000000000000114,105.40426829296575,25.85446454976477,27.47455504673576,166.22094730152617,280.229996175226,53.25537771289356,82.99999999999977,34.66804579814993,41.935113365902225
16.0,216.0,327.2340332506783,114.08463712630942,198.95825419803714,78.88378324042776,80.36777954595345,16.0,41.026133853169085,64.37376021179796,108.03950273441433,37.364535513757346,59.24565675985855,132.00000000000023,142.3242571607143,174.7361696761427,274.0,82.64555204078158,113.20117363592453,36.0,26.01169277438271,67.5268496256748,114.98063025448027,56.82146062635536,69.0,221.0455916780943,302.0,46.1056235412384,64.5575317858536,2.290895377200634,6.34595611874596,158.49631781506287,221.86137918859913,43.026531577368075,54.51784660789235,54.00000000000023,78.81768945369595,49.62683062120277,56.35635309431564,88.0,122.77102180785096,92.08484385533734,171.0,42.74977249321444,52.80991310289028,49.2937317976174,92.42997409690292,19.99999999999997,20.66470343038759,165.62870203038688,271.0,72.11959892306868,112.0,86.99999999999966,160.26745812850322,97.54521985271617,145.2145641244515,164.0,228.75405479625715,13.0,17.41905563876054,22.177943919538194,36.428374327789356,163.08773315829035,295.7693638020273,73.25344196180367,93.28584097216844,32.298658563042636,38.52544495326424,183.7790526984736,264.96036906553763,64.61948247960595,92.554954001959,34.55703808462397,38.064886634097775
17.0,176.0,311.2634274612583,120.0,184.13090667912047,59.726148008010455,86.63222045404655,20.0,26.724510808825585,45.626239788202156,102.02150294811781,29.591216943967197,50.75434324014145,86.0,163.0618669616888,169.72151491360182,283.39877880149106,96.35444795921853,111.50688051618363,21.0,54.06776244243565,73.47315037432509,123.62052814175058,49.48746327984725,92.51955393411367,203.48637203314274,291.8284943962117,42.0,62.695470474192234,4.000000000000007,6.627340846979706,141.99999999999977,232.42683099012447,34.973468422631925,57.60327320427473,53.99999999999977,86.1862026833594,47.60314703546862,50.643646905684136,87.65135229767066,138.78614458714947,95.15866237445198,175.0,37.25022750678551,68.6952898546624,65.70626820238272,97.43271793266467,16.38976491736571,34.11058902995035,166.05587303399534,277.3916052280383,66.66485882429117,108.78364610087647,100.00984267352601,131.56153040791378,92.45478014728383,124.65796460861657,145.0,218.07001214399406,13.0,18.7393246084942,16.822056080461806,26.772464131724178,194.99999999999977,275.16616210855136,58.74655803819621,86.82852447930827,15.870272607173774,36.0,145.0,277.52819866191203,53.999999999999886,65.38840131955408,27.44296191537603,30.437563725147584
18.0,189.0,314.57098057183157,103.00000000000023,200.25512813988325,52.273851991989545,85.0367928448552,18.0,21.949981918761978,61.0,85.45061000119995,32.4087830560328,55.349138623358385,94.99999999999977,163.4720376198211,188.0,266.3639900627304,69.0,114.67776029861216,28.0,32.97344893698289,85.0,127.37947185824942,50.0,82.49409633893197,226.47942715966474,353.1715056037883,34.30146815354442,69.74699773995394,4.0,3.937570417007521,159.42286666051768,225.7117898212764,29.006644277295663,55.39672679572527,50.10184924153771,83.85358730217558,39.39685296453138,62.454202997326774,102.62781646982967,110.0,107.82874321491204,161.48152780728924,49.51886131765605,68.3047101453376,61.314747081347264,86.56728206733533,16.61023508263429,33.3389877404295,185.0,265.0816396158298,61.999999999999886,118.70881363894387,78.99015732647422,147.69203604211407,92.86377517044639,131.34203539138343,155.02931931678654,225.01428493445837,14.185461402487931,28.84463154238358,16.99999999999997,27.82999705880161,171.0,274.23458224028127,58.0,111.08011066535482,21.831068829783646,36.312977297412885,167.0,286.93815546333644,67.00000000000023,97.05193095193295,20.60407794484388,34.562436274852416
19.0,195.0,286.1047853480577,128.99999999999977,163.88072979811704,47.0,77.38121658094065,19.74914122136539,22.01839562015732,54.000000000000114,83.2046452707923,31.53898051203805,61.650861376641615,85.0,138.90334469828576,174.0,274.29050834185455,79.0,135.68820101388928,19.0,40.6236142707711,76.0,115.4682928027969,45.0,80.261390301637,204.52057284033526,305.6982845812763,42.69853184645558,49.283368480164654,4.328739318207248,10.089132617266813,156.57713333948232,234.8357987114332,33.097917548209466,44.0,42.944066610395794,90.00000000000023,41.0,61.23479584287861,88.16531140838129,118.0,95.0,181.42741337230882,43.172969533857895,61.0,61.68525291865262,81.95806220706436,24.0,33.57796766494312,161.00844202912003,241.526755156131,78.00000000000023,115.89327197955436,97.18650948362392,146.30796395788593,72.13622482955361,117.16135714551683,144.97068068321346,203.79564489345285,12.814538597512069,18.33340601105988,14.000000000000028,30.566275013114364,183.0,259.47107735191,81.00000000000023,100.90220389123988,23.999999999999943,42.334803437296614,190.0,265.08427041268624,66.8510861767495,97.00471372655443,27.29897030668627,44.0
20.0,173.0,280.1803070553997,110.8337679020733,169.77498118484164,58.06959309392869,80.58199057420416,9.250858778634608,27.92494584705082,69.99999999999989,76.4746467790228,38.46101948796195,60.3490929663908,90.79409674066869,131.98158177317237,178.0,281.0650003726987,65.0,100.09218714276221,21.000000000000057,41.14414849694708,82.68125440919857,111.5317071972031,47.0,90.99540883634495,200.0,319.9524372044725,37.13660365639339,62.716631519835346,6.671260681792745,5.8629423692039495,151.0,192.2257125977858,29.89543817449487,47.04930386382807,60.9540841480665,70.5287860433616,32.38162737720074,57.311001159794614,76.55551982411839,107.05648387153178,104.0,167.2187614191871,38.202316082118614,64.0,56.000000000000114,95.9707039320806,23.0,30.964711421480615,199.99155797087997,246.16061642968907,68.44771916575792,92.61426828062531,93.81349051637608,141.86399242653624,91.0,114.23232272467476,130.0,221.37551377460204,11.172329752563769,16.66659398894012,19.581488618448986,27.83126379635985,161.0,269.65628006867064,53.57331015608429,96.18916096409703,30.96716411597066,30.352219265290614,192.00000000000045,272.63064454372216,44.54543811161,92.99999999999955,26.742721351291777,31.0
21.0,213.00000000000045,292.0236988404977,97.94452796483165,177.0,40.40063037531786,81.00000000000045,16.0,34.922083552526146,57.55772172219645,80.84859500086759,33.000000000000114,70.0415885324021,89.20590325933131,128.15566390577123,169.0,249.78622341804476,82.40838802834969,108.03497102855272,29.999999999999943,45.722186397729956,79.31874559080143,107.78336262458743,48.276220481891755,60.729550588972415,214.0,348.34927821425117,33.86339634360661,61.62086392949459,6.0,7.449390347240808,149.0,216.54657795380263,27.39370495886044,50.950696136172155,47.0,76.47121395663862,34.00975229041455,48.0,79.0,127.56341276793137,100.0,165.61664121779722,38.105853066367445,59.77488564849796,41.999999999999886,106.49031275438574,22.0,32.53249829863864,176.0,242.36292508577208,75.55228083424186,98.39435459233027,78.0,133.33469524934617,82.34864877469909,125.60632012980841,139.0,201.26624110501052,10.010734604108734,19.0,23.086449358776463,25.0,196.0,271.7025344285594,54.42668984391548,103.77812181678337,28.732730609412215,35.999999999999886,173.0,240.87812070274867,58.68708663707491,64.0,17.389851738474192,44.0
22.0,180.99999999999955,315.91531274897716,120.47134538679938,190.0,58.52977653075345,104.29981366012225,12.543950872365826,29.152970600423032,43.44227827780355,83.53227594319287,34.999999999999886,70.56117018844157,94.0,119.45583391282298,179.0992636242495,232.09549900318052,81.59161197165031,115.68952622499592,27.97967811614967,38.770839787454406,78.0,121.73833682321128,53.34353817767828,80.0,190.0,336.0,38.86919523302868,60.37913607050541,5.0,11.869440008522076,157.0,209.75228071630772,27.936643358237916,45.99999999999977,58.0,70.20626451480393,42.149134751566066,52.0,75.0,104.44246028575981,105.0,147.77490818871092,39.85979165450726,52.22511435150204,52.212351096881775,89.5809211064693,13.676858846658831,25.585834874508123,168.0,235.9610549742565,75.36011851672356,118.60564540766973,97.58169991615387,140.8013123241176,75.65135122530091,123.43595017610369,147.00000000000045,183.47226362252422,9.816935643327469,17.89567341551833,25.33206202277455,23.334655011669497,174.0,267.5695941814838,61.08852768417523,104.22187818321663,21.300105274617124,19.20205523147763,157.99999999999955,248.16452840195598,49.519475920117884,85.0,13.964378658703993,31.537874602333204
23.0,196.0,279.4722637499226,109.87395992430447,160.9999999999991,48.0,78.96364889968618,13.456049127634174,17.45450965798807,47.60434229989892,76.46772405680758,30.0,67.09000182382329,103.00000000000023,121.66933344859717,150.9007363757505,229.7686322027921,71.0,111.76014000940131,31.02032188385033,50.564539041556145,68.0,110.03442554947014,52.82643504292366,80.00000000000045,188.0,333.2410193930409,28.130804766971437,56.07089797271806,6.000000000000014,5.818227275033195,131.0,194.2063388758943,29.95094208183741,49.0,45.0,69.72567666739906,35.329779184432596,46.0,69.0,105.52631192696754,103.0,164.96544264212753,29.14020834549285,59.7340473917418,59.787648903118225,97.78884091755663,28.202047889508776,33.0,166.0,248.09032552700683,78.63988148327644,92.90760384379064,77.35446108742144,147.0,82.0,122.68468368037202,126.99999999999955,191.3976769282881,19.147079052624946,23.10432658448167,17.0,22.346167948119955,176.0,246.43040581851528,66.6352962997496,101.0,17.68640005922032,26.797944768522484,153.0,256.4155379498452,44.351964231002626,83.0,32.999999999999886,44.61878472764761
24.0,176.97604937266806,264.0000000000009,131.23083644297822,164.0000000000009,42.0,90.45749496195049,20.994037500866625,26.545490342011817,47.395657700100855,70.90861179049216,36.0,72.24792823680059,85.22487599010242,128.7191687328086,167.5919645623826,264.2313677972088,73.0,116.55033376560232,31.000000000000114,48.450171456811404,65.0,107.11947727302186,55.953199212218124,68.99999999999955,192.0,297.1134391688702,47.999999999999886,55.929102027281715,0.6317910477875728,3.9999999999999716,142.0,211.14880331300628,28.718709601064234,37.99999999999977,50.0,59.665624728284,30.536947635103502,47.0,75.0,110.18834028492802,92.77689155784083,158.51530535257916,43.999999999999886,55.646673062408354,57.00000000000023,72.64983812670926,26.958316760683488,25.0,157.0,222.7178328293303,61.00000000000023,92.12455535697927,89.06383899642492,125.99669045222527,76.0,100.43829364858038,131.0,187.66085339353867,15.86556935346232,17.0,13.000000000000057,25.314947398387744,179.0,231.23965939916252,64.23095325029453,98.0,19.31359994077968,26.56044330261045,146.0,264.8965716591956,56.04494892344496,82.46311573345747,39.0,32.58242763597195
25.0,185.0239506273324,287.64938721118233,105.83514231503568,183.0,64.76096584543575,79.27904247824063,20.486876618831047,23.000000000000114,66.00000000000023,76.58269015587075,43.000000000000114,71.63736378159047,92.77512400989735,120.1081520063135,140.4080354376174,239.0647462984407,60.71320783679175,116.00000000000091,20.999999999999886,47.777932942213965,81.34375150502751,104.32439772970929,45.16362930830701,81.0,200.0,261.37943128928237,36.0,65.69080109376023,8.368208952212413,9.08033296703212,140.0,161.557257198785,27.23371732895248,40.00000000000023,44.0,71.72431163114697,39.59275876128254,53.48431303643383,55.46738288157576,116.22299086288194,100.22310844215917,171.50883879875892,44.0,42.94888660755919,62.99999999999977,114.4170406745211,17.063028358067868,22.000000000000114,168.0,208.53043083374087,55.99999999999977,103.91887437313153,88.54065786744013,122.00330954777473,70.34583226106793,124.44107249494436,125.0,204.63455740978407,10.987351593912763,20.150146818933308,10.564648559782484,20.004229641822803,190.0,245.48157224853185,60.045222765780636,101.56360227929054,14.0,28.445629652727803,148.50265784351905,251.50360313905912,46.0,92.43734318665065,24.0,26.460136134272716
26.0,173.99999999999955,268.41069480366787,96.81042006397729,162.9090605392048,48.23903415456425,71.0555408325381,19.503628400155378,21.0,49.0,67.21660072241002,33.999999999999886,57.40028338818138,84.0,106.27995848669434,143.12138586176798,224.9352537015584,63.28679216320825,100.72103727134208,24.000000000000114,39.100104655479754,75.65624849497249,92.0946131626024,40.436977776981166,59.824993270980485,166.0,314.7505836030996,48.0,69.103748393268,3.000000000000014,4.9196670329678795,126.0,195.3051903602318,30.76628267104752,45.00000000000023,50.0,71.67812245836512,34.0,53.347345904696795,70.53261711842424,121.85620528285881,105.0,152.28993143235584,27.0,43.64542088726466,56.0,85.17776964363884,13.77787082836278,28.999999999999773,140.0,217.40940821073036,60.3115526350166,86.04896642609856,102.45934213255964,130.30654754959824,104.77883471508812,108.99999999999955,132.0,174.48934180430388,15.0,12.865034935751623,17.184026159796986,15.0,169.0,223.6576042024817,66.0,119.5223556569299,15.0,22.792562128350937,142.4973421564814,229.13686597518063,68.89662547875105,83.09954107989188,20.304817037113935,29.80077689977452
27.0,163.0,258.23488150271623,98.0,166.0909394607952,46.00000000000023,81.94445916746236,7.015457480146949,25.680352088072823,59.0,82.90463034383129,55.0,72.3534813966553,85.0,110.6959493602053,145.87861413823202,220.0,79.4449175839477,114.27896272865746,30.0,56.31172518792505,68.0,112.8683352203102,43.009600785165276,68.17500672901951,191.0,308.6358176636677,29.040711288687362,48.20545051297199,3.7780021250759575,7.0,125.0,178.00872565704503,24.0,54.65250175094593,53.0,75.4295680484779,27.72832925270052,48.16834105886937,69.00000000000023,109.79936492099068,89.03165983672989,175.20122976888615,37.0,48.47215556372498,52.0,86.64605158374388,15.321877316718314,26.000000000000227,110.0,215.53815496415336,48.68844736498363,95.18714665149628,76.2555039845738,122.69345245040176,79.87533302384418,98.64836451301971,107.10658295464418,181.90790706849657,9.0,21.786959579493782,13.20356332171167,13.0,154.0,236.01833687605176,59.06585176243675,82.9140420637791,20.000000000000114,32.8674963149017,154.70790177646677,214.8631340248212,59.65999887687531,75.0,15.695182962886065,29.0
28.0,169.0,275.4359986066811,109.49545364330834,160.0,46.99999999999977,95.06421089463493,15.000000000000057,20.319647911927177,45.81275304448013,51.38746698739487,27.999999999999886,65.01910771865914,81.0,94.39982113727638,154.0,239.45319229724737,77.78912371160504,101.0,31.494251861517455,45.79552671601368,63.0,116.62246169839227,46.990399214834724,66.53100697691207,190.0,307.6480061802886,32.95928871131264,49.0,3.893087158819881,3.0,116.0,162.1276224730409,16.0,59.34749824905384,37.0,76.57043195152255,27.27167074729948,52.0,57.76931083266027,101.34442979615005,94.96834016327011,146.9999999999991,43.0,46.35024233618947,56.9129305257884,89.32045905383029,18.999999999999943,25.0,136.19464119175018,212.22925114532154,74.99999999999977,86.81285334850372,73.7444960154262,136.0,53.898525688874315,121.35163548698029,116.16880445442803,155.0,22.505986836306306,26.197858665821286,19.047761958708804,28.311623130745147,165.0,219.32022610198328,51.021165191506725,91.00000000000045,19.999999999999886,29.699973928492,153.29209822353278,223.99999999999818,51.443375644373646,77.3269677052399,28.0,27.000000000000227
29.0,156.0,270.2690378757525,93.50454635669166,190.0,44.66086466854563,82.93578910536462,7.600350138631143,25.0,41.20644562147709,72.0,31.000000000000114,66.85448155654785,75.0,95.6932941998648,136.8149161222591,214.54680770275263,80.76595870444726,92.74547423172862,29.67612711349716,43.0,66.75336345835376,92.41458991869513,41.0,80.46899302308793,196.0000000000009,314.2317027017525,38.999999999999886,46.765829515992664,4.312317369129303,3.0,129.0,169.67963720090847,32.0,55.0,36.00000000000023,60.000000000000455,30.0,54.00000000000023,69.2306891673395,102.0,93.0,143.0,24.0,44.137014821656294,60.08706947421183,92.07378839734929,19.000000000000057,20.891845609883944,141.80535880824982,218.00000000000182,67.58865846022286,87.0,80.0,116.0,67.10147431112546,120.77654977530983,126.58104351572229,186.9999999999991,12.494013163693694,16.0,13.000000000000057,18.688376869254853,133.0,231.2826011717898,69.91298304605652,99.20966292035928,13.0,23.633894672916995,159.0,225.0000000000009,51.00000000000023,80.82754870749113,13.0,34.44908329667737
30.0,173.0,248.4878237601515,112.0,153.9999999999991,45.50892590321973,96.0,17.6873887125808,18.0,54.98080133404255,62.105670357108465,43.0,62.783609394837185,61.0,93.2747246689205,139.1850838777409,227.00000000000182,71.00000000000045,97.33963225952766,25.829621024985386,43.08010461601566,61.24663654164624,99.00000000000045,43.0,61.16902119507995,208.9999999999991,306.4891600955252,38.000000000000114,59.234170484007336,7.4395529903000295,11.0,118.00000000000045,150.6060549417598,29.60442999427096,46.00000000000023,50.99999999999977,51.999999999999545,30.0,47.99999999999977,58.36375837805463,102.0,99.0,152.0,34.0,30.783504663977283,68.99999999999977,81.33829240877412,10.999999999999943,27.108154390115942,137.0,207.41148085705754,52.77773144437447,82.0,77.0,124.0,50.0,128.22345022469017,124.1435690752055,159.1429621372281,9.0,13.999999999999886,16.0,18.0,150.61711611885585,248.0,50.00000000000023,100.912067091474,17.737725372514774,19.0,154.0000000000009,201.0101090996386,44.99999999999977,65.84548358726943,16.0,25.5509167033224
31.0,152.0,258.0534489379261,96.0,161.57633192888443,52.83020942823464,89.5156775800292,15.712261148788002,17.12483768626737,43.0,65.84710407810235,43.0,52.023852038531004,62.027658983310175,114.54810014072518,137.0,223.99999999999818,65.0,103.91369307049717,31.271942990033835,57.91989538398434,52.0,102.99999999999955,37.0,58.48805970002422,182.0,308.7683434697701,31.0,55.0,5.577040356674829,6.000000000000057,116.99999999999955,171.18976886358632,33.39557000572904,43.995440985689356,54.0,57.0,39.300806740130724,38.0,66.63624162194537,100.34487041329521,103.0,140.55912532731782,22.601747302933745,44.28205466547797,57.45630213602499,81.58791919387659,13.0,31.0,133.68431759114537,201.58851914294064,62.63361009540267,96.39949205871199,87.0,117.0,64.0,93.54718921881704,115.0,175.8228529607104,7.0,19.000000000000114,5.999999999999943,13.999999999999886,158.38288388114415,234.5070211674465,42.99999999999977,92.63470669426988,15.262274627485226,23.0,158.9999999999991,236.03661565834045,47.09324535948872,77.0,24.413147663286736,26.0
32.0,170.0,289.4587273019224,96.0,143.42366807111648,54.0,78.4843224199708,13.0,19.0959419241143,38.00000000000023,66.04722556478919,40.0,61.63803897713933,66.97234101668982,124.46520209655137,131.99862932166707,232.00000000000182,55.66494527810028,106.00120043824745,32.304843147326096,41.0,69.0,93.01718910533873,31.000000000000227,61.34291910489628,199.0,308.76825858533994,37.73884953806419,36.0,4.284939110659664,3.999999999999943,89.0,149.13768087715653,21.0,50.004559014310644,34.0,61.999999999999545,31.699193259869276,39.0,58.000000000000455,98.65512958670479,108.0,145.4408746726831,27.398252697066255,38.999999999999545,61.54369786397501,85.99999999999955,15.000000000000114,30.061437497566658,130.31568240885554,170.00000000000182,44.01909675024717,87.60050794128801,73.0,129.3285061179222,57.0,97.45281078118296,108.13964279275342,196.0341849020615,14.000000000000057,18.613933666262255,12.000000000000057,17.000000000000114,140.0,214.4929788325535,68.0,82.75452613611105,17.000000000000114,23.000000000000227,136.0,190.95327524202003,30.90549795891775,99.0,21.586852336713264,27.0
33.0,185.0000000000009,243.0,111.0,145.0879996728163,58.0,88.76827011381192,21.369718331366244,26.779220389618445,39.98582655104974,50.0,40.671433036219014,68.0,65.00000000000045,106.86798914599512,154.00137067833384,229.99999999999818,67.33505472189972,87.0,22.42321386264007,49.54589325854704,67.0,96.98281089466127,42.999999999999545,55.99999999999909,178.0000000000009,299.09073678711684,25.261150461935813,62.23238639548299,2.7150608893403216,4.0,110.0,162.32929898755629,37.0,46.99999999999977,45.0,60.40583186482172,23.0,40.0,60.999999999999545,103.945864585241,93.0,142.9999999999991,29.000000000000227,38.00000000000091,49.0,73.74328071729951,17.999999999999886,32.93856250243334,156.9999999999991,198.89471102365678,48.98090324975283,74.0,79.0,123.67149388207781,84.14921374782352,110.00000000000091,100.86035720724658,154.0,10.0,13.519814299986137,10.999999999999943,24.999999999999886,165.55640673455855,214.0,57.99999999999977,86.48903715778579,8.999999999999773,23.999999999999773,159.0000000000009,215.19454357502946,39.67029630643583,76.99999999999955,20.999999999999886,25.0
34.0,164.9999999999991,235.0,107.98439085065638,138.9120003271837,44.00000000000023,105.21137626211157,10.630281668633756,19.0,46.01417344895026,60.19047553691098,44.32856696378121,47.0,47.999999999999545,107.6668087574526,142.9999999999991,218.0,63.0,88.0,23.999999999999886,37.37702685094587,57.0,115.0,36.000000000000455,73.00000000000136,180.30240634533493,284.88350106224607,41.00000000000023,39.767613604517464,3.999999999999986,7.0,96.00000000000091,149.34325127169996,21.923520986523386,54.0,38.0,58.229989178293636,33.0,52.0,86.14710840745147,117.054135414759,95.24134619745655,148.0,26.0,41.999999999999545,50.00000000000023,64.25671928270185,21.0,29.0,128.00000000000182,208.10528897634322,65.0,100.0,61.0,105.0,61.850786252176476,95.99999999999909,103.0,183.0,11.999999999999943,16.769375648039613,10.999999999999943,10.0,131.44359326544145,194.0,60.00000000000023,82.70450915735728,16.000000000000114,23.0,121.99999999999909,213.80545642497236,48.3309603751577,62.0,11.000000000000114,26.0
35.0,146.0,228.0,102.571026465268,165.0,59.99999999999977,98.67304270425211,8.0,22.399428998657868,41.621933390885715,52.80952446308993,40.99999999999977,52.0,59.000000000000455,96.00000000000182,154.0,228.67430195623456,66.99999999999955,90.39475394212513,33.0,51.5515538918703,64.0,99.0,30.999999999999773,54.113009630820216,171.82317726763176,321.0,34.99999999999977,45.999999999999545,4.000000000000014,6.0,117.5752691885964,140.0,27.076479013476614,62.000000000000455,36.00000000000023,56.36417895688555,35.0,34.0,65.85289159254853,88.0,100.7586538025439,133.0,17.999999999999773,43.0,46.99999999999977,65.99999999999909,17.0,22.511239923710264,118.99999999999818,197.99999999999818,39.0,94.97966027270559,87.00000000000045,135.00000000000182,64.0,98.37790545395455,107.0,162.49637347557473,7.0,18.096876385711994,17.000000000000057,8.000000000000114,146.0,212.0,72.4997313936301,77.29549084264272,19.0,22.0,126.43040444303188,184.99999999999818,50.0,79.0,20.0,26.0
36.0,140.0000000000009,244.97827538443562,99.44458268407561,132.0,56.00000000000023,82.34731091982485,15.0,20.60057100134202,43.37806660911451,62.999999999999545,42.52468949798731,58.0,63.0,97.0,131.0,217.01329674879707,60.0,88.60524605787396,33.000000000000114,35.52552599863725,75.00000000000045,95.0,50.70037594955056,64.88699036917887,208.8744163870324,310.2505389396247,21.0,48.256038173917204,6.0,3.9999999999999716,99.4247308114027,140.0,36.0,33.999999999999545,37.99999999999977,63.999999999999545,28.0,37.0,68.00000000000045,77.00000000000091,84.0,114.73395871843786,18.980262399222283,36.0,61.0,54.39394725524562,21.770059358131448,18.488760076289736,133.0,200.0,59.0,84.02033972729441,86.0,135.99999999999818,58.0,101.62209454604545,93.0,177.50362652442527,10.0,19.000000000000114,11.0,18.0,137.20149241999843,222.0,49.5002686063699,88.01792059402669,21.0,17.92220069549876,132.56959555696812,189.0,41.058023818524134,71.0,13.0,21.31588521149729
37.0,152.04734262261627,260.02172461556256,111.00000000000045,127.0,55.99999999999977,95.99999999999955,19.794082106414407,16.0,43.99999999999977,48.999999999999545,34.47531050201269,47.0,68.99999999999955,94.99999999999909,127.0,219.31240129496837,67.19284109749788,95.0,24.999999999999773,36.18965940916087,51.999999999999545,97.0,32.29962405044944,45.0,171.0000000000009,311.3658636988457,31.623372842405615,43.743961826082796,1.0000000000000284,2.2814960271169014,108.0,170.03145962104463,27.0,50.18841992191028,38.0,80.94016806957461,28.867640115325685,46.0,51.999999999999545,93.19089758516839,81.99999999999955,119.26604128156214,29.645851843578384,39.0,46.76089357660749,60.606052744754834,22.229940641868552,30.21398880621291,128.0,149.0,55.000000000000455,85.00000000000091,75.99999999999955,112.81055402512993,68.8130165510297,102.0,103.0,166.0,11.0,13.999999999999886,8.0,10.757784080121837,134.79850758000157,177.0,57.0,63.982079405973764,15.0,24.332927734894838,127.0,207.0,44.941976181475866,65.0,16.0,27.256120458479927
38.0,137.79377134793322,237.00000000000182,74.41017770608732,130.0,49.0,82.0,12.205917893585593,18.0,32.0,55.0,36.0,52.21497344740146,65.0,104.0,139.89293979899685,177.0,56.04052205948392,79.0,32.00000000000023,42.81034059083868,59.0,85.54006016810399,33.0,59.0,183.9999999999991,272.9246576332207,27.376627157594385,34.909898391642855,3.999999999999943,3.718503972883127,76.59714507308036,144.96854037895537,25.867317312551904,50.81158007808972,31.0,61.64974310492562,34.06350598511858,33.0,57.260679300473385,92.8091024148307,78.99999999999955,110.99999999999909,22.37388575719956,35.791606914870954,42.23910642339251,72.05319888484428,14.0,34.70292984888556,87.669653892096,176.0,49.999999999999545,79.99999999999909,65.00000000000045,107.18944597487007,61.186983448970295,96.22121249811971,109.0,153.0,11.424266073498018,17.0,8.000000000000057,10.242215919878163,137.9999999999991,202.88156194546718,55.0,91.99999999999955,8.0,23.181735506025234,116.00000000000091,211.96741984851724,40.000000000000455,75.67329075023827,13.0,12.427994330022784
39.0,160.1588860294496,227.0,87.5598641113038,163.0,53.00000000000023,92.12097543728169,13.0,26.0,37.0,54.0,19.0,55.933552840027005,56.1285669041481,97.0,103.10706020100315,195.6514337816061,48.76663684301866,75.0,24.0,36.000000000000455,49.0,104.45993983189601,29.0,55.0,189.0,265.07093982554943,32.00000000000023,47.090101608357145,2.0000000000000284,3.0,108.40285492691964,144.47979927020788,30.132682687448096,42.0,33.0,64.33764131922362,33.068853899555734,32.16958295898712,58.739320699526615,97.0,88.66346331043451,129.0000000000009,24.999999999999773,34.208393085129046,41.0,58.38085742505746,13.000000000000114,20.08308134490153,111.33034610790492,196.40749815290292,52.0,92.05088358097964,60.999999999999545,135.7729149925117,66.0,99.35829679661765,102.30401025471474,159.00000000000182,9.491128966973235,13.000000000000227,5.999999999999886,10.999999999999773,119.39085221877122,188.11843805453282,56.0,88.47406783317274,18.0,15.563136063581169,119.99999999999909,206.11009528770956,49.999999999999545,71.32704366341522,12.000000000000114,22.0
40.0,160.0,227.27320219268586,99.02995818260842,148.45670277521458,43.99999999999977,101.87902456271831,11.0,21.0,36.0,50.0,30.0,66.85147371257153,74.8714330958519,82.0,140.0,218.9473643208148,60.999999999999545,85.29265561527336,28.999999999999886,41.999999999999545,67.0,56.0,44.648175464898486,59.0,204.0,240.38799990275947,25.999999999999773,46.3912553239461,1.0,4.0,108.1831292675788,123.52020072979212,29.0,45.2490139040583,38.0,57.676420736667296,26.0,24.83041704101288,45.0,86.64758557549249,105.40848238845228,139.00000000000182,27.0,38.0,43.0,69.56594369009781,7.999999999999886,21.0,123.99999999999909,171.59250184709708,56.0,90.6353629395935,80.0,139.2270850074883,65.0,107.42049070526264,119.69598974528617,185.0,8.084604959528747,11.257951071484285,8.000000000000057,13.000000000000227,120.6091477812306,173.0,46.000000000000455,82.52820425776099,13.0,18.403153523583796,129.00000000000182,206.92248486377684,39.0,75.99966558634651,12.999999999999886,14.983624030915053
41.0,151.0000000000009,221.6421932995563,99.90091102188671,126.54329722478542,63.0,72.00000000000045,12.0,15.0,36.0,53.45304143939029,40.0,62.0,67.00000000000045,86.00000000000091,136.2963438048073,200.40120189757727,47.0,87.70734438472664,24.0,40.0,57.0,88.39592655322303,33.35182453510174,53.0,178.0000000000009,263.00000000000364,23.613659651330863,41.6087446760539,3.0000000000000284,4.000000000000057,84.38503551581834,131.0,33.27765019332969,52.7509860959417,46.0,58.39602676960885,23.702188758251395,30.0,62.0,76.35241442450751,69.92805430111366,106.28442745688517,22.0,22.0,39.50410385769783,49.0,16.122757978490313,24.0,127.0,164.0,43.0,87.31375347942685,83.00000000000091,121.60431989170957,45.0,103.0,102.0,160.99999999999818,7.999999999999943,23.491561810014446,9.0,7.0,118.99999999999909,163.0,39.999999999999545,63.34739014486604,16.0,14.596846476416204,129.99999999999818,185.4108887808652,43.0,84.0,17.000000000000114,23.016375969084947
42.0,139.9999999999991,186.08460450775783,72.09908897811329,138.26681108613047,57.0,71.40110966903785,14.332319968341608,20.0,34.00000000000023,47.54695856060971,36.01270687434908,58.0,67.8931671610494,82.99999999999909,124.7036561951927,199.5128994864881,61.0,96.0,26.000000000000227,37.00000000000023,74.0,85.60407344677697,33.99999999999977,41.0,162.9999999999991,254.01542078280545,29.386340348669137,53.0,2.673852133610893,0.0,102.16924003960412,133.0,31.93172564196516,42.0,32.0,56.000000000000455,18.297811241748605,26.05886800729877,64.99999999999955,75.99999999999909,96.0,98.7155725431121,21.0,41.0,38.17019944272488,59.0,14.877242021509687,20.0,113.08662294370788,160.0,59.0,85.0,77.99999999999864,126.39568010829043,59.0,102.0,90.99999999999909,142.0,12.000000000000057,14.250487118501042,8.0,13.0,140.0,176.0,51.0,74.60137507843228,12.0,23.0,121.0,205.16838620779163,41.99999999999977,75.0,17.067015278974736,20.0
43.0,157.0,192.0,83.0,127.35915445409228,58.37807691717944,91.5988903309617,11.661727654689457,17.000000000000227,23.999999999999773,55.0,35.98729312565092,42.0,54.106832838950595,92.50492723520802,114.56741495017195,170.48710051351372,47.891804734112156,70.0,23.999999999999773,27.471981844860693,54.999999999999545,79.0,29.0,54.0,166.0,243.60816896624783,23.0,36.56839303464767,4.557557231629346,1.9999999999999432,73.26259517699873,128.88735603006717,25.79062416470515,38.0,40.905144972359494,57.999999999999545,23.000000000000227,27.94113199270123,61.000000000000455,103.00000000000091,78.0,114.15742929604585,26.0,32.0,42.32569669957729,71.6102989408646,8.0,23.292021944089356,107.91337705629303,160.97601849654166,58.0,75.3789527154795,63.000000000000455,111.52137392530312,68.0,97.26071420697372,87.0,164.0,9.0,19.0,7.0,10.130226494430758,143.0,171.08760805959173,55.0643238967732,71.04896268576795,16.12205044941902,25.0,131.0,175.42072501133953,45.031677438205634,83.0,11.932984721025264,13.000000000000227
44.0,140.9999999999991,204.0,78.38304871182663,121.37403445977725,52.62192308282056,81.0,9.005952376968935,18.626699334536852,30.00000000000091,54.00000000000091,36.0,60.78962917877698,53.999999999999545,83.49507276479198,121.43258504982805,195.00000000000182,53.108195265887844,82.19779251611726,32.0,32.52801815513908,51.000000000000455,70.501822640932,40.0,54.0,171.07923165998727,242.37641025094308,32.46933597349357,39.43160696535233,0.768590634759704,2.0052372068997784,85.0,122.2539990358382,36.0,38.592293402306495,26.981493454589327,51.0,28.999999999999773,25.0,59.675945259151376,89.0,82.0,106.84257070395506,24.0,31.957403701103885,40.0,52.389701059135405,11.0,28.707978055910644,113.99999999999909,174.02398150345834,62.0,85.51390032341624,77.55378589433985,113.47862607469688,71.0,100.45317630330192,97.0,150.0,12.0,17.702548443864885,10.0,12.869773505569242,105.7393905059862,177.91239194040827,49.9356761032268,62.0,15.977405662513888,13.0,114.99999999999909,204.0,61.289976722918254,72.00000000000091,12.055646692398227,10.999999999999773
45.0,149.0000000000009,188.0,102.61695128817337,124.0,41.0,86.54123907085432,10.0,17.730700971742408,35.99999999999909,57.99999999999909,39.5435438618922,47.21037082122302,63.9013752360579,78.0,108.50515697277297,204.99999999999818,48.734934960202736,71.80220748388274,17.0,35.0,56.0,78.498177359068,25.0,54.0,154.92076834001273,251.0,23.530664026506656,49.63591634008935,2.842170943040401e-14,4.274009725713995,95.75385452042701,115.85864493409463,25.0,43.407706597693505,32.11336157305118,50.69583688118928,17.0,19.555210897289726,48.324054740848624,70.0,62.000000000000455,116.86569385453186,26.580833462711325,28.042596298896115,32.0,53.999999999999545,12.0,23.484980979279953,117.0,136.2336544307691,55.0,81.43641284195019,79.44621410566015,120.21465784023712,58.0,115.28610948972437,104.00000000000091,154.52894748789367,11.000000000000057,19.297451556135115,3.0,11.240844092260886,99.2606094940138,167.0,43.0,62.0,12.900543888066977,20.835291988562403,118.00000000000091,190.05728972586803,53.67834583887634,65.59200024767324,11.94435330760166,20.0
46.0,131.0,192.0,85.0,134.0,50.999999999999545,90.51408678753342,10.0,13.475083243019071,40.0,52.82711816911342,28.456456138107797,59.70972546864232,45.0986247639421,79.0,125.59063911904832,228.0,59.265065039797264,69.40772341345291,22.0,33.0,47.0,76.4995520841585,34.0,41.275389967024694,169.0000000000009,247.00000000000182,29.999999999999773,48.36408365991065,1.0,1.7207530673862266,78.24614547957299,129.0,20.0,40.562226808271134,34.0,60.304163118811175,21.0,22.444789102710274,56.0,67.0,66.05696281777227,117.13430614546814,18.419166537288675,37.173107855847775,37.0,50.000000000001364,19.000000000000227,23.5150190207205,94.0,175.7663455692309,51.0,59.131710998955896,85.0,109.78534215976288,66.00000000000045,89.98243681963595,95.99999999999909,162.47105251210633,11.999999999999943,19.701212456768758,12.0,9.642846344689133,117.0,173.0,49.0,66.0,14.000000000000114,13.164708011437597,129.00000000000182,158.9427102741356,49.0,57.407999752325395,11.0,17.542966141787474
47.0,136.0,191.0,72.20242232194687,128.00000000000182,52.000000000000455,81.24695823855654,15.0,12.167516450701441,33.0,46.17288183088658,28.0,43.576551464736895,49.0,80.90144223615152,116.90420390817872,171.0,55.0,77.59227658654709,19.0,30.0,43.0,64.5004479158415,23.0,47.724610032975306,143.0,216.0,34.0,31.0,3.0,0.0,80.0,115.0,25.0,52.37497175561066,35.00000000000023,50.999999999999545,10.0,29.0,45.0,64.0,70.18437376320435,128.0000000000009,19.917678553839778,39.826892144152225,48.0,56.99999999999909,10.999999999999773,20.244765184653033,96.0,151.0,43.0,84.53902312019818,72.0,101.88156927047294,59.999999999999545,91.52110094113323,104.0,156.0,12.0,19.298787543231242,4.0,20.11630956304998,100.0,158.0,38.0,72.0,9.0,21.68351122651802,111.99999999999818,167.99999999999636,44.000000000000455,76.00000000000091,7.0,19.457033858212526
48.0,121.2283568739449,191.0,81.79757767805313,131.84769455455717,49.0,66.11558198155399,10.0,15.0,40.0,49.0,47.0,51.62634183198361,52.0,79.01791746176423,130.0,191.00000000000364,51.0,75.52376545318475,19.87567729023249,32.0,49.0871165698336,64.0,32.99999999999977,39.130204834106735,164.0989166217778,243.99999999999818,20.0,40.16774853470815,1.0000000000000284,0.0,72.54775508459898,108.0,30.0,36.06280143611821,32.06304000282739,50.0,20.000000000000227,22.0,44.0,72.0,65.75866341902292,113.99999999999909,11.082321446160222,21.55935873956787,31.0,43.742793274113865,24.000000000000114,24.755234815346512,107.0,147.0,41.0,89.0,70.0,100.11843072952706,59.0,95.42068851992826,92.00000000000091,161.90668720068425,17.0,11.258500194879616,4.0,11.0,99.0,170.4247845460941,41.000000000000455,52.00000000000091,9.0,17.31648877348198,102.0,193.74461638616958,37.999999999999545,78.99999999999955,9.0,15.0
49.0,111.77164312605419,188.0,85.0,132.37860861940135,50.000000000000455,74.58213392150174,7.0,15.24278665046586,33.0,44.0,36.0,51.46316246286597,51.0,81.08064030208425,131.0,186.99999999999636,49.0,74.47623454681525,26.507391995283342,30.0,51.5064058258281,50.0,24.000000000000227,53.859016539871845,150.9010833782213,221.89452023541708,25.0,38.83225146529185,-2.842170943040401e-14,4.0,88.45224491540102,133.0,26.0,33.20436479241789,45.05381004089577,49.0,14.764252724168955,27.0,42.31710434040633,80.0,53.0,111.0,21.0,22.44064126043213,38.0,50.257206725886135,14.999999999999886,22.0,98.0,142.81897966120596,44.52530057094236,70.0,72.0209813664651,99.0,60.0,96.35986505058736,95.99999999999909,139.09331279931575,11.0,20.47328203596885,9.0,10.682566804230646,104.0,134.50649506048285,34.999999999999545,66.99999999999909,14.0,14.0,103.01162935995126,193.25538361383042,48.391228201447575,71.0,15.0,15.0
50.0,117.00000000000091,162.99999999999818,69.0,123.57102681133256,48.283697999225296,60.0,7.0,19.75721334953414,28.352108093357856,48.0,26.0,52.624218771771666,60.0,62.00000000000091,108.0,194.2315978834813,50.000000000000455,67.0,18.616930714484397,28.000000000000455,50.406477604338306,67.67214764318305,28.000000000000227,33.626780145736575,154.0,216.52478197468554,22.0,44.36777563956912,2.0,1.0,66.0,120.0,19.0,43.055938683688964,27.883149956276156,66.98094002418111,15.679147176611878,17.0,43.68289565959367,66.0,72.83834288434537,125.0,24.0,30.0,32.0,62.0,12.0,19.0,95.0,112.35198538195618,42.47469942905764,71.27426885172372,55.97901863353536,97.0,63.0,99.62615104061842,95.90537109437537,153.00000000000364,10.090831655647094,17.268217769151534,2.0,12.317433195769354,97.0,169.01580746062427,36.000000000000455,49.348337656576405,11.0,14.032413251434036,108.98837064004965,147.0,49.012227069641085,77.0,13.000000000000114,17.35873097482363
51.0,112.0,171.00000000000182,65.0,132.65426621189545,58.71630200077425,89.0,9.0,14.0,42.465589921989704,36.0,34.0,49.68288601385211,36.0,64.99999999999909,132.0000000000009,215.7684021165187,48.999999999999545,76.0,15.999999999999773,36.999999999999545,36.0,59.32785235681786,31.999999999999773,47.06438868694613,152.50757419803813,218.58069778989739,19.0,26.632224360430882,1.0,2.0,68.00000000000091,116.96912949524267,34.0,35.739696523893144,34.0,44.662875049660215,11.556600099218713,20.0,35.0,70.0,67.16165711565463,121.0,13.000000000000227,12.00000000000091,32.0,54.0,20.0,23.0,99.0,142.61556660909628,49.0,76.14600139514278,59.999999999999545,118.50539782393662,58.0,100.08975762809769,94.09462890562463,127.87733672150534,9.30731779423536,12.0,10.0,16.020680061399617,99.0,154.66407602536492,34.999999999999545,65.40321425707407,9.522593654013804,10.967586748566191,101.99999999999909,189.08790986645545,34.59654472891134,58.20335914160296,7.999999999999886,14.64126902517637
52.0,123.0,192.0,74.99774587537377,105.54840380281166,36.65767249529836,67.00000000000182,11.0,9.64104843565974,29.18230198465244,48.578316032295334,25.0,42.31711398614743,64.99999999999955,55.99999999999909,121.99999999999909,198.2277515750302,45.000000000000455,69.00000000000182,15.886001459310137,25.0,39.000000000000455,59.0,23.859543173021393,46.31960979333917,152.49242580196187,232.4648500139865,24.542754997957218,41.0,1.0,0.2912820556733777,81.99999999999909,128.03087050475733,23.0,44.0,39.000000000000455,57.356184926158676,14.000000000000227,14.0,42.218790118407924,69.0,82.0,99.0,21.999999999999773,22.99999999999909,31.0,51.0,13.0,21.0,92.18097731821217,121.21346834774158,46.31933383614705,71.5797297531326,62.0,111.08001025363137,62.0,88.99999999999909,97.0,128.12266327849102,12.601850550117433,12.0,8.0,9.896826995264746,84.0,164.38704322072954,34.0,63.59588586690006,14.477406345986196,15.31615790263072,128.0,175.91209013354455,42.467478440474224,67.79664085839704,14.000000000000114,18.0
53.0,102.0,171.96096371149906,89.09524759822307,130.0,59.34232750470164,85.99999999999818,14.0,6.358951564340259,31.0,42.190392412006986,37.0,53.0892431577322,44.000000000000455,64.7841670980788,126.0,185.7722484249698,29.99999999999909,54.99999999999818,17.7918664167712,31.0,40.999999999999545,62.99999999999909,36.14045682697861,35.75610423389435,142.43788039992978,214.5351499860135,25.457245002042782,37.0,2.0,1.7087179443266223,69.0,109.0,25.322971478068666,46.0,36.0,60.0,12.000000000000227,18.000000000000455,41.781209881592076,72.0,74.77989001570677,123.0,16.0,17.999999999999545,30.000000000000455,44.0,15.209734550246594,22.0,92.81902268178783,129.0,36.68066616385249,66.00000000000091,56.999999999999545,104.4145919224311,58.0,94.0,113.0,141.0,7.000000000000114,16.995075412291044,10.0,12.082492943335637,91.52645110286358,157.00179368670433,42.0,52.89295717298228,9.544029185295358,12.683842097369052,114.76073018769603,179.0,37.532521559525776,62.6203322412548,9.999999999999886,13.0
54.0,124.46805683719504,167.03903628850094,78.66034668925568,102.0,43.0,69.00000000000091,9.332715724380137,13.0,29.000000000000455,48.23129155569768,30.0,50.9107568422678,39.0,68.59474370007956,108.0,174.0,34.000000000000455,66.0,24.375677596982996,34.0,40.0,54.0,31.000000000000455,33.24389576610611,149.56211960007204,194.99300648735516,23.0,35.543333531481494,1.0,0.0,69.0,119.8362347712482,23.677028521931334,39.0,28.0,56.59503117759505,17.01689490335616,21.999999999999545,37.0,54.0,70.22010998429323,106.0,14.60138876309884,14.000000000000455,30.999999999999545,47.0,11.790265449753406,16.939673640336878,70.30766974135986,117.0,39.000000000000455,85.0,66.00000000000091,95.00000000000091,61.72967352080286,102.00000000000091,83.99999999999909,132.0,13.009130568823139,16.004924587708956,5.0,11.0,108.47354889713642,141.00775132033414,38.0,48.759605046467186,6.455970814704642,9.801705275495578,101.23926981230397,154.0,45.0,65.3796677587452,9.0,17.000000000000227
55.0,99.53194316280496,184.0,68.24665983714749,114.23869718930473,54.69342784123546,66.99999999999909,8.667284275619863,12.72153865128439,23.600933340050233,45.0,22.0,44.0,37.23564418299338,60.62108920184255,108.99999999999909,168.0,44.0,77.0,23.946454526935668,33.0,34.999098044458606,58.0,23.0,53.14364901981389,142.99999999999818,177.00699351264484,18.0,42.09103434955205,0.0,0.0,75.0,99.58410702300353,22.57979372802083,37.0,33.000000000000455,44.40496882240495,12.983105096643385,18.999999999999545,48.0,49.316032061191436,65.0,126.0,9.39861123690116,23.0,38.0,55.0,11.0,19.060326359663122,83.69233025864014,132.0,61.0,75.0,66.99999999999955,94.0,45.27032647919714,99.99999999999909,79.00000000000091,129.00000000000364,6.990869431176861,14.0,7.0,10.428429755806519,89.0,150.99224867966586,46.78911644365007,59.0,14.000000000000227,10.05797283731431,97.0,217.55103900354516,33.0,65.0,13.0,15.999999999999773
56.0,113.0,150.0,65.0,121.76130281069527,49.30657215876454,63.61831055861512,8.0,3.110760229731568,24.399066659949312,52.73281299404334,32.0,48.0,41.76435581700662,61.0,125.00000000000091,190.0,33.0,60.0,16.0,34.0,30.000901955541394,60.0,24.999999999999545,33.85635098018565,135.0,216.0,26.999999999999773,36.36563211896646,2.0,1.0,65.0,112.27836181499697,27.42020627197917,30.0,27.999999999999545,35.0,8.000000000000227,14.000000000000455,46.0,55.55414928914797,72.0,125.0,10.999999999999773,20.999999999999545,32.06452092796553,40.0,13.0,15.0,91.0,102.76394756445734,38.0,61.0,72.0,90.10958446758013,61.0,82.09149737620282,87.0,120.30760545838348,10.06607544418921,13.0,8.0,3.571570244193481,104.11625963480128,150.0,45.21088355634993,53.651678106178224,3.9999999999997726,8.140321887190112,114.0,181.44896099645484,49.0,64.0,12.603397398140714,12.0
57.0,118.49681561560647,168.0,67.0,117.04834823837518,37.0,81.38168944138488,6.0,19.024422035679436,22.0,41.26718700595666,28.0,53.0,35.000000000000455,76.00000000000091,107.0,158.0,42.0,72.0,10.000000000000227,29.0,32.000000000000455,49.0,21.0,47.16618908975579,118.0,195.0,20.0,26.0,0.0,1.0,87.0,102.3012963907513,15.0,37.0,30.0,57.0,8.0,18.704996927219327,40.0,51.92144249645389,74.04938375000711,116.0,15.904101139632303,10.000000000000455,30.935479072034468,47.0,16.0,25.0,91.00000000000091,115.23605243554266,32.0,63.0,75.0,98.7411377277549,63.2633562257015,71.90850262379718,87.03721180302728,120.69239454161288,11.93392455581079,14.0,6.0,6.0,89.766269166852,149.99999999999818,29.876400809492225,52.348321893821776,4.0,23.0,79.00000000000182,162.57251128129064,39.0,64.00803750901377,11.396602601859286,7.0
58.0,119.50318438439535,138.00000000000182,75.0,101.71480461464671,47.0,61.00000000000091,8.000000000000114,10.259474529485715,19.0,47.14661441474436,25.0,38.0,25.999999999999545,57.99999999999909,127.0,158.7240220227559,47.51233575624565,60.0,21.999999999999773,35.5777433650419,40.999999999999545,40.74574482469325,31.0,39.833810910243756,137.0,210.0,36.00000000000023,33.95606409093534,0.0,0.0,68.0,91.0,35.12036215407625,34.0,36.0,47.23525579174748,15.6514539394866,20.295003072781128,36.0,59.2083761532067,90.10060225803045,108.0,14.095898860367924,19.941910751994783,31.0,37.37226073613601,15.0,12.40494298222211,76.14106902630556,102.0,45.0,77.0,60.109046746450076,89.14927780466496,61.7366437742985,112.0,61.962788196972724,117.8209360974015,12.0,9.0,8.0,7.0,119.11747119834672,147.00000000000182,39.426501615043435,61.0,10.0,10.75653053978067,99.99999999999818,170.00574822313501,32.38979679050499,56.991962490986225,12.0,14.000000000000227
59.0,108.5969952737978,161.99999999999818,74.0,123.36900703999345,37.47929013782141,58.99999999999909,5.999999999999886,7.883804553818891,25.0,42.89732454501518,40.08079617889234,46.0,34.999999999999545,68.79396928589995,114.74234879612322,167.27597797724775,45.48766424375435,66.00000000000091,24.0,40.4222566349581,23.440682388408277,50.25425517530675,22.393094709044817,49.0,138.0,183.0,31.840475805790447,30.043935909065567,0.9403935250174982,0.0,63.0,105.0,11.744787555634957,24.000000000000455,28.0,43.555892412790854,9.3485460605134,20.385212714996214,34.72801547341942,54.0,73.85001399196244,102.0,13.000000000000455,14.058089248005672,30.000000000000455,35.97645846429077,16.0,14.59505701777789,79.85893097369353,103.59645161088702,46.0,68.71158561055199,68.89095325354992,96.0,45.000000000000455,90.1205758086744,79.0,126.1790639025985,5.0,17.38034737588714,6.0,8.172406786057536,87.02074542810988,133.0,25.69709757546434,57.0,8.0,22.24346946021933,109.0,179.83463931642655,32.61020320949547,54.0,10.0,8.999999999999773
60.0,86.40300472620038,139.87331276272562,71.0,99.99763457899098,47.52070986217859,57.69671153166382,7.0,5.6720833384797515,28.0,32.956061040240456,34.91920382110766,42.0,56.000000000000455,73.20603071410005,94.03953533552703,147.99999999999636,41.0,55.3571109170025,24.0,33.30385944527052,32.55931761159172,39.235462534534236,25.606905290955183,29.000000000000455,118.0,218.0,19.159524194209553,29.99999999999909,1.0596064749825018,0.0,63.0,99.19770283243815,23.134850290288796,41.999999999999545,24.000000000000455,39.22157168442391,14.0,12.614787285003331,36.27198452658058,38.42052531099307,78.00000000000091,112.0,10.999999999999545,23.999999999999545,28.999999999999545,45.651280799573215,16.000000000000114,19.000000000000227,71.87569734681347,82.40354838911298,52.3334830351605,62.28841438944801,55.0,77.12703283584779,65.99999999999955,109.8794241913256,70.0,101.36367871386938,9.0,9.61965262411286,8.0,6.827593213942464,74.97925457189012,118.0,36.876979214946005,49.0,4.0,9.0,116.02266928248264,158.5871011791478,40.999999999999545,63.0,7.0,5.43251547878117
61.0,101.0,135.12668723727438,57.0,96.87020552799368,51.0,52.30328846833618,5.683869567470879,8.327916661520248,35.0,40.0,31.0,40.51413080526618,33.564517437840095,61.0,107.21811586834974,166.83328056773098,32.0,49.64288908299659,25.0,25.127719505521327,35.0,39.764537465465764,27.0,38.999999999999545,126.0,179.8788064732289,15.0,27.0,0.0,0.0,67.0,101.60214500085385,20.000000000000455,34.00000000000091,23.999999999999545,51.269848694509164,4.000000000000227,16.490709349893223,31.999999999999545,43.57947468900602,58.83752478239603,122.0,15.0,10.0,13.0,42.0,12.999999999999886,14.0,71.12430265318653,111.0,45.6665169648395,51.0,54.51307573217946,86.87296716415221,49.0,82.81948783811094,78.0,104.63632128613062,10.0,15.607027666765589,4.999999999999886,5.0,90.0,142.99999999999818,26.123020785053995,56.0,8.0,13.366765301311261,122.97733071751827,169.0,39.0,57.27579642141609,14.09496733241599,7.567484521219058
62.0,95.17503163501715,155.0,76.00000000000091,98.0,46.0,64.4119466337579,5.316130432529121,12.0,29.051186460334065,57.0,32.0,33.48586919473337,43.435482562160814,57.00000000000182,119.0,146.16671943226538,39.000000000000455,54.0,23.0,30.568421049208155,21.0,51.55132466189025,23.17314912233678,51.0,115.15119849872463,176.1211935267711,19.999999999999773,35.0,2.0,0.0,63.0,76.200152166708,26.0,34.99999999999909,26.0,47.108624259591124,8.999999999999773,29.509290650106777,32.000000000000455,57.00000000000091,66.16247521760306,110.40118670818993,16.0,14.0,20.47978684159898,44.0,8.0,10.999999999999773,63.0,106.0,38.1713427223076,63.0,49.888062356701994,79.0,53.0,88.24159018016599,63.1394899762081,108.0,9.0,9.392972333234411,3.0000000000001137,4.0,87.0,132.040596453322,34.0,45.0,9.0,13.145053430192092,113.0,162.06311678029488,31.0,64.72420357858391,3.9050326675840097,11.999999999999545
63.0,108.09931778625469,157.0,63.0,81.5702604233993,39.000000000000455,55.58805336624209,5.0,10.0,28.947856029927152,47.0,29.0,32.8632939353306,42.99999999999909,62.427859229524074,116.00000000000182,159.00000000000364,33.0,47.00000000000091,15.0,35.0,25.0,54.44867533810975,21.82685087766322,31.609433644105593,114.84880150127537,174.42036089165777,16.000000000000227,29.0,0.0,0.0,55.0,90.00000000000182,20.999999999999545,29.204182137815224,34.0,43.93759304563173,14.0,13.055343566822557,37.0,49.0,83.0,105.59881329180826,4.0,11.0,32.52021315840102,51.0,20.000000000000114,10.557299679155221,66.00000000000091,96.0,45.7924276046283,56.00000000000182,55.693220887494135,84.0,62.053862348426264,88.93892198172307,85.8605100237919,111.0,8.000000000000114,13.0,3.0,11.0,85.0,128.95940354668164,43.0,43.0,8.0,8.51710137762916,109.99999999999909,148.13192854879344,41.0,57.00000000000091,6.65642633694938,9.000000000000227
64.0,99.36772549813577,138.0,56.0,86.43340629911472,40.0,54.0,3.0,5.0,27.000957509738782,52.0,27.0,40.13670606466985,47.0,66.93948606455433,90.99999999999818,137.84642348064153,42.4477875978896,54.99999999999909,16.0,38.0,38.0,52.00000000000091,30.502279442467625,48.39056635589441,123.33187872695271,167.57963910834223,21.32043321887795,31.0,0.0,0.0,65.0,84.99999999999818,22.0,35.79581786218432,29.0,45.671214111305744,15.0,22.944656433177897,35.0,43.48610588933843,62.0,93.19436585611038,7.0,14.51504245862543,23.411086726958274,53.0,10.999999999999886,12.216673219254972,58.99999999999909,100.0,40.08835871635938,61.99999999999818,51.90564102362441,86.66365063390549,57.946137651573736,82.23471363269346,68.0,104.33415379411781,7.999999999999886,13.0,3.5268187868041423,9.0,87.00000000000091,119.0,22.0,45.0,10.000000000000114,24.971079890867486,91.0,159.5369346200605,36.45097106162666,57.0,6.34357366305062,13.0
65.0,84.3579250805924,130.21650194670656,61.99999999999909,108.99633327748597,35.999999999999545,57.0,3.0,9.0,22.000000000000455,45.0,26.0,35.0,40.0,48.63265470591978,98.91662976700718,141.15357651935665,40.552212402109944,42.89362721966063,14.0,38.0,28.869773726119092,35.99999999999909,21.497720557532375,37.0,102.66812127304729,177.0,13.679566781122048,21.265518872275607,0.0,5.684341886080802e-14,55.0,110.46855446234258,23.0,40.58029208072503,31.0,39.0,13.999999999999773,16.782373722985085,28.0,47.51389411066157,57.344791033096044,96.80563414389144,12.0,18.911149223663415,29.588913273041726,44.0,9.0,6.226027101589807,57.21711058977962,97.0,34.94787095670472,62.0,50.0,99.33634936609451,57.0,101.76528636730563,65.0,98.37795029751396,12.0,11.641096214793379,2.4731812131958577,4.0,91.00000000000091,127.0,28.0,58.00000000000091,9.999999999999886,23.653260969868825,95.77848175612235,159.2680200508512,29.54902893837334,49.99999999999909,3.0,11.000000000000455
66.0,90.0,160.78349805329344,72.00000000000091,80.00000000000182,35.04753269971934,39.00000000000091,6.857448760873808,10.0,24.932655798683754,53.0,25.0,31.706449685916596,42.666759418470065,51.0,85.08337023299282,136.0,38.0,48.10637278034028,18.000000000000227,23.613996124463483,26.130226273880908,51.00000000000091,25.0,34.0,118.0,147.0,12.000000000000455,29.60073980290872,0.0,-5.684341886080802e-14,53.00000000000091,83.65400717068587,22.0,22.419707919275425,40.0,39.0,13.821047182858365,18.21762627701446,32.000000000000455,34.00656219195116,74.60843411710539,101.0,12.0,15.573808317711155,28.0,36.0,12.0,6.000000000000455,60.25243003957985,99.0,26.40359707062362,53.0,54.00000000000091,86.08894604504167,67.56514444215645,74.00000000000091,84.00000000000091,106.13315689251795,6.742861572379411,8.358903785206621,2.0,5.237107410168392,73.99999999999818,104.32627905626396,35.0,46.99999999999909,7.0,12.346739030131175,108.22151824387765,171.0,39.0,53.0,6.0,11.999999999999318
67.0,101.00000000000182,137.22543334232614,67.30055423252361,79.99999999999818,31.25544865578877,53.99999999999909,5.142551239126192,3.4335812030524266,30.06734420131579,51.181383041470326,23.0,29.29355031408386,40.713139488595516,63.0,78.0,135.6676012549069,28.493567953482398,50.99999999999909,26.0,32.38600387553697,26.0,55.4600700181154,26.0,31.91492206856492,101.00000000000182,159.0,8.999999999999773,21.186149673230375,0.0,0.0,53.99999999999909,88.87743836697155,19.0,39.712116850237635,26.0,38.0,13.178952817141862,16.0,28.999999999999545,33.99343780804975,65.04677484979857,79.80920262542713,9.0,17.0,29.0,39.0,5.0,6.841107421064407,71.53045937064053,94.14755435154075,33.999874949972764,45.0,49.99999999999909,82.91105395495833,65.46145713801616,70.0,64.99999999999909,96.15473901585028,9.257138427620589,11.44038154565692,4.0,3.7628925898316083,80.0,118.67372094373422,32.0,43.0,5.999999999999886,12.857891147892587,108.00000000000182,150.0,36.0,56.94392341542971,8.0,10.000000000000227
68.0,98.99999999999818,142.77456665767386,68.23468000024513,75.0,41.69701864449189,54.0,6.000000000000114,8.5664187969478,31.0,50.818616958529674,17.0,32.11245368953905,46.62010109293533,60.00000000000182,87.8246070614423,136.33239874509673,43.93103556320557,46.00000000000091,16.999999999999773,27.999999999999545,40.0,38.53992998188369,23.0,39.29014960335189,121.99999999999818,153.0,19.999999999999545,22.9475916515853,0.0,0.0,65.0,66.00000000000182,21.149525258301992,34.287883149762365,25.0,34.0,12.0,25.63244772371445,32.0,37.99999999999909,57.0,87.19079737457287,6.000000000000455,13.0,26.0,35.63295376322094,5.0,4.158892578935365,53.61601662092107,99.85244564845925,34.87060587581436,61.00000000000091,47.0,95.0,53.97339841982739,86.0,57.0,80.09208230389777,7.000000000000114,11.559618454343308,5.0,5.0,84.0,110.0,24.0,46.33195850044831,8.886551029537372,25.142108852107413,104.0,145.00000000000546,42.21649236547182,44.05607658457029,3.920585306242174,9.0
69.0,90.0,154.60942031595914,56.46476576722944,75.99999999999818,39.0,59.0,5.6570409805677855,6.999999999999773,23.131537895573274,46.0,21.0,33.607902514318084,28.99999999999909,57.158959752323426,100.1753929385577,143.99999999999818,39.57539648331249,39.496167669723945,25.0,30.671995830205105,30.431798873471962,45.0,23.0,42.9671420146351,104.0,132.0,18.000000000000227,21.0556291717603,0.0,0.0,61.0,80.85455821810865,27.850474741698008,31.045770162971166,27.0,44.0,12.0,17.36755227628555,18.198947602249973,43.0,48.0,80.0,8.999999999999545,14.000000000000455,30.0,40.36704623677906,4.999999999999773,5.999999999999545,67.38398337907893,95.76025425062289,35.607461246297134,62.00000000000091,55.0,93.0,57.0,59.85565973888333,70.0,95.90791769610223,6.0,11.905859941192148,3.0,7.0,71.00000000000182,109.00000000000182,30.0,52.66804149955169,15.93707403311555,23.0,88.99999999999818,133.23383852541156,23.783507634528178,51.00067414697696,7.0794146937580535,11.102478874198596
70.0,92.0,143.39057968404086,54.00000000000091,82.00000000000182,38.0,48.11467131058271,4.342959019432101,7.124957639735385,29.868462104426726,45.0,15.0,23.27964379614241,36.0,47.28534643513831,94.0,129.0,28.999999999999545,46.503832330276055,17.999999999999773,26.328004169794895,27.568201126528038,41.959281860860756,23.0,31.382121674787413,121.00000000000182,140.00000000000364,14.999999999999773,20.9443708282397,0.0,0.0,46.0,90.14544178188953,25.0,21.377236277734937,29.0,44.678808570894034,12.00444983462853,16.0,31.801052397750027,49.66719543856925,67.02944396007206,104.0,10.928594031174953,8.999999999999545,28.342172806039343,38.0,8.000000000000227,8.000000000000227,59.0,84.23974574937711,37.11846085729212,52.99999999999818,53.0,82.0,45.0,69.14434026111667,65.0,90.26131223601624,5.999999999999886,10.094140058807625,2.0000000000001137,4.695815240857655,59.12307624744972,109.0,29.0,39.00000000000091,7.176374937347191,14.0,106.49180306512062,149.766161474583,32.0,48.99932585302304,10.0,11.897521125801404
